{"BUFORD HWY@WOODSIDE WAY": [7.135277777777778, 7.953055555555555, 7.535277777777778, 7.935277777777777, 7.019722222222223, 7.335277777777778, 7.419722222222222, 7.586388888888889, 7.735277777777778, 7.219722222222222, 7.8197222222222225], "BUFORD HWY NE@3610": [7.3075, 7.7075, 7.5075, 7.9075, 7.1075], "BUFORD HWY @ CHAMBLEE TUCKER RD": [7.083333333333333, 7.483333333333333, 7.883333333333334, 7.283333333333333, 7.683333333333334], "BUFORD @ W DRUID HILLS DR": [7.499444444444444, 7.099444444444444, 7.899444444444445, 7.6994444444444445, 7.299444444444444], "PEACHTREE CENTER STATION": [7.15, 7.316666666666666, 7.483333333333333, 7.65, 7.816666666666666, 7.983333333333333, 7.1, 7.266666666666667, 7.433333333333334, 7.6, 7.766666666666667, 7.933333333333334], "BUFORD HWY @ 3132": [7.966666666666667, 7.733333333333333, 7.2, 7.366666666666666, 7.0, 7.6], "BUFORD HWY NE @ W DRUID HILLS DR NE": [7.908333333333333, 7.675, 7.141666666666667, 7.308333333333334, 7.541666666666667], "PARK AVE @ BUFORD HWY": [7.013888888888889, 7.413888888888889, 7.813888888888889, 7.213888888888889, 7.613888888888889], "BUFORD HWY@CHAMBLEE TUCKER RD": [8.0, 7.066666666666666, 7.466666666666667, 7.633333333333334, 7.266666666666667, 7.866666666666666], "LINDBERGH CENTER STATION": [7.683333333333334, 7.283333333333333, 7.766666666666667, 7.533333333333333, 7.883333333333334, 7.0, 7.166666666666667, 7.966666666666667, 7.1, 7.4, 7.483333333333333, 7.15, 7.316666666666666, 7.483333333333333, 7.65, 7.816666666666666, 7.983333333333333, 7.116666666666666, 7.283333333333333, 7.45, 7.616666666666666, 7.783333333333333, 7.95], "BUFORD HWY NE @ CUTIS DR NE": [7.4383333333333335, 7.038333333333333, 7.838333333333333, 7.638333333333334, 7.238333333333333], "BUFORD HWY NE@3510": [7.325833333333334, 7.725833333333333, 7.525833333333333, 7.925833333333333, 7.1258333333333335], "GARNETT STATION": [7.083333333333333, 7.25, 7.416666666666667, 7.583333333333333, 7.75, 7.916666666666667, 7.0, 7.166666666666667, 7.333333333333333, 7.5, 7.666666666666667, 7.833333333333333, 8.0], "CHAMBLEE STATION": [7.15, 7.316666666666666, 7.483333333333333, 7.65, 7.816666666666666, 7.983333333333333, 7.116666666666666, 7.283333333333333, 7.45, 7.616666666666666, 7.783333333333333, 7.95], "CIVIC CENTER STATION": [7.0, 7.166666666666667, 7.333333333333333, 7.5, 7.666666666666667, 7.833333333333333, 8.0, 7.083333333333333, 7.25, 7.416666666666667, 7.583333333333333, 7.75, 7.916666666666667], "BUFORD HWY NE@4725": [7.114722222222222, 7.514722222222222, 7.914722222222222, 7.314722222222223, 7.714722222222222], "BUFORD HWY NE @ MCCLAVE DR": [7.095, 7.495, 7.661666666666667, 7.295, 7.895], "BUFORD HWY@BRAGG ST": [7.9255555555555555, 7.392222222222222, 7.558888888888889, 7.192222222222222, 7.792222222222223], "AIRPORT STATION": [7.016666666666667, 7.183333333333334, 7.35, 7.516666666666667, 7.683333333333334, 7.85, 7.083333333333333, 7.25, 7.416666666666667, 7.583333333333333, 7.75, 7.916666666666667], "BUFORD HWY NE @ 4203": [7.902777777777778, 7.3694444444444445, 7.536111111111111, 7.169444444444444, 7.769444444444445], "LENOX STATION": [7.033333333333333, 7.2, 7.366666666666666, 7.533333333333333, 7.7, 7.866666666666666, 7.066666666666666, 7.233333333333333, 7.4, 7.566666666666666, 7.733333333333333, 7.9], "MIDTOWN  STATION": [7.05, 7.216666666666667, 7.383333333333334, 7.55, 7.716666666666667, 7.883333333333334], "BUFORD HWY NE@SHALLOWFORD TER": [7.128333333333333, 7.963611111111111, 7.528333333333333, 7.928333333333334, 7.030277777777778, 7.328333333333333, 7.4302777777777775, 7.5969444444444445, 7.7283333333333335, 7.230277777777777, 7.830277777777778], "BUFORD HWY NE @ AFTON LN": [7.796111111111111, 7.262777777777778, 7.429444444444444, 7.062777777777778, 7.6627777777777775], "BUFORD HWY NE @ KNOLL PL NE": [7.35, 7.75, 7.55, 7.95, 7.15], "EAST POINT STATION": [7.1, 7.266666666666667, 7.433333333333334, 7.6, 7.766666666666667, 7.933333333333334, 7.0, 7.166666666666667, 7.333333333333333, 7.5, 7.666666666666667, 7.833333333333333, 8.0], "BUFORD HWY@4416": [7.163611111111111, 7.563611111111111, 7.963611111111111, 7.363611111111111, 7.7636111111111115], "NORTH AVENUE STATION": [7.033333333333333, 7.2, 7.366666666666666, 7.533333333333333, 7.7, 7.866666666666666, 7.066666666666666, 7.233333333333333, 7.4, 7.566666666666666, 7.733333333333333, 7.9], "BUFORD HWY NE @ DREW VALLEY RD": [7.828055555555555, 7.294722222222222, 7.461388888888889, 7.094722222222222, 7.6947222222222225], "BUFORD HWY @ BRAMBLEWOOD DR NE": [7.975833333333333, 7.7425, 7.2091666666666665, 7.3758333333333335, 7.009166666666666, 7.609166666666667], "BUFORD HWY NE @ KNOLL PL": [7.784166666666667, 7.2508333333333335, 7.4175, 7.050833333333333, 7.650833333333333], "BUFORD HWY NE@PLASTER RD": [7.191944444444444, 7.908888888888889, 7.591944444444445, 7.991944444444444, 7.391944444444444, 7.375555555555556, 7.542222222222223, 7.791944444444445, 7.1755555555555555, 7.775555555555556], "DORAVILLE STATION": [7.0, 7.4, 7.8, 7.166666666666667, 7.2, 7.566666666666666, 7.733333333333333, 7.6, 7.366666666666666, 7.966666666666667, 7.033333333333333, 7.2, 7.366666666666666, 7.533333333333333, 7.7, 7.866666666666666, 7.066666666666666, 7.233333333333333, 7.4, 7.566666666666666, 7.733333333333333, 7.9], "BUFORD HWY NE@CLAIRMONT RD NE": [7.233333333333333, 7.633333333333334, 7.433333333333334, 7.833333333333333, 7.033333333333333], "BUFORD HWY NE @ LENOX RD": [7.854722222222223, 7.621388888888889, 7.088055555555556, 7.254722222222222, 7.4880555555555555], "BUFORD HWY NE @ 2641": [7.878055555555555, 7.644722222222223, 7.1113888888888885, 7.2780555555555555, 7.511388888888889], "BUFORD HWY @ 4405": [7.931388888888889, 7.398055555555556, 7.564722222222223, 7.198055555555555, 7.798055555555556], "BUFORD HWY NE@CHAMBLEE DUNWOODY RD": [7.069444444444445, 7.469444444444444, 7.8694444444444445, 7.269444444444445, 7.669444444444444], "BUFORD HWY NE@3649": [7.820277777777778, 7.286944444444444, 7.453611111111111, 7.086944444444445, 7.686944444444444], "BUFORD HWY NE@4707": [7.9725, 7.039166666666667, 7.439166666666667, 7.605833333333333, 7.239166666666667, 7.839166666666666], "BUFORD HWY NE@OAKMONT AVE": [7.022777777777778, 7.422777777777778, 7.822777777777778, 7.126111111111111, 7.222777777777778, 7.526111111111111, 7.692777777777778, 7.622777777777777, 7.3261111111111115, 7.926111111111111], "BUFORD HWY NE@LENOX RD": [7.558888888888889, 7.158888888888889, 7.958888888888889, 7.7588888888888885, 7.358888888888889], "BUFORD HWY NE@SHALLOWFORD RD": [7.062222222222222, 7.4622222222222225, 7.862222222222222, 7.086388888888889, 7.262222222222222, 7.4863888888888885, 7.6530555555555555, 7.662222222222222, 7.286388888888889, 7.886388888888889], "BUFORD HWY NE @ 4075": [7.8886111111111115, 7.355277777777777, 7.521944444444444, 7.155277777777778, 7.755277777777778], "BUFORD HWY NE@2620": [7.532222222222222, 7.1322222222222225, 7.932222222222222, 7.732222222222222, 7.332222222222223], "BUFORD HWY NE@3567": [7.815, 7.281666666666666, 7.448333333333333, 7.081666666666667, 7.681666666666667], "BUFORD HWY @ N CLIFF VALLEY  NE": [7.991388888888889, 7.758055555555556, 7.224722222222222, 7.391388888888889, 7.0247222222222225, 7.624722222222222], "BUFORD HWY NE @ N DRUID HILLS RD NE": [7.933333333333334, 7.7, 7.166666666666667, 7.333333333333333, 7.566666666666666], "COLLEGE PARK STATION": [7.05, 7.216666666666667, 7.383333333333334, 7.55, 7.716666666666667, 7.883333333333334, 7.05, 7.216666666666667, 7.383333333333334, 7.55, 7.716666666666667, 7.883333333333334], "BUFORD HWY NE@4075": [7.212777777777778, 7.612777777777778, 7.4127777777777775, 7.812777777777778, 7.012777777777778], "BUFORD HWY NE@CLAIRMONT RD": [7.866666666666666, 7.333333333333333, 7.5, 7.133333333333334, 7.733333333333333], "BUFORD HWY NE@3691": [7.8244444444444445, 7.291111111111111, 7.457777777777777, 7.091111111111111, 7.691111111111111], "BUFORD HWY NE@5269": [7.1175, 7.5175, 7.684166666666667, 7.3175, 7.9175],